{"global_step": 65404928, "_timestamp": 1693315253.640763, "performance/step_inference_rl_update_fps": 71500.640625, "performance/step_inference_fps": 78159.5234375, "performance/step_fps": 81136.0546875, "performance/rl_update_time": 0.07808876037597656, "performance/step_inference_time": 0.8384902477264404, "performance/step_time": 0.8077297210693359, "losses/a_loss": 0.004686375148594379, "losses/c_loss": 0.06010022014379501, "losses/entropy": -3.5342416763305664, "info/last_lr": 0.00039018443203531206, "info/lr_mul": 1.0, "info/e_clip": 0.20000000298023224, "info/kl": 0.02648104354739189, "info/epochs": 999.0, "_runtime": 912, "_step": 999, "Episode/position_reward": 0.6961277723312378, "Episode/position_error": 0.2749815881252289, "Episode/boundary_penalty": -1374207803916288.0, "Episode/boundary_dist": -7.272115230560303, "Episode/normed_linear_vel": 0.061220601201057434, "Episode/normed_angular_vel": 0.0672905445098877, "Episode/actions_sum": -0.18418025970458984, "losses/bounds_loss": 0.010906383395195007, "rewards/step": 482.55377197265625, "rewards/iter": 482.55377197265625, "rewards/time": 482.55377197265625, "shaped_rewards/step": 4.825538158416748, "shaped_rewards/iter": 4.825538158416748, "shaped_rewards/time": 4.825538158416748, "episode_lengths/step": 658.939697265625, "episode_lengths/iter": 658.939697265625, "episode_lengths/time": 658.939697265625}