{"global_step": 160, "_timestamp": 1676380586.560589, "Reward / Instantaneous reward (max)": 0.49934807419776917, "Reward / Instantaneous reward (min)": 0.09926403313875198, "Reward / Instantaneous reward (mean)": 0.2133166790008545, "Loss / Policy loss": 0.0035971300676465034, "Loss / Value loss": 0.24630428850650787, "Policy / Standard deviation": 1.004173994064331, "Learning / Learning rate": 0.004356914199888706, "_runtime": 9.122502088546753, "_step": 1}