{"global_step": 8000, "_timestamp": 1676378020.9793966, "Reward / Instantaneous reward (max)": 0.34837037324905396, "Reward / Instantaneous reward (min)": 0.09585408866405487, "Reward / Instantaneous reward (mean)": 0.18253806233406067, "Loss / Policy loss": -0.04743642359972, "Loss / Value loss": 0.008597983978688717, "Policy / Standard deviation": 0.9578984379768372, "Learning / Learning rate": 3.1769548513693735e-05, "_runtime": 262.03135347366333, "_step": 99, "Reward / Total reward (max)": 16.295814514160156, "Reward / Total reward (min)": 16.295814514160156, "Reward / Total reward (mean)": 16.295814514160156, "Episode / Total timesteps (max)": 135.0, "Episode / Total timesteps (min)": 135.0, "Episode / Total timesteps (mean)": 135.0}