{"global_step": 15920, "_timestamp": 1676378393.9943435, "Reward / Instantaneous reward (max)": 0.5000356435775757, "Reward / Instantaneous reward (min)": 0.09071803838014603, "Reward / Instantaneous reward (mean)": 0.4322800934314728, "Loss / Policy loss": -0.01632992923259735, "Loss / Value loss": 0.07607371360063553, "Policy / Standard deviation": 0.18864837288856506, "Learning / Learning rate": 0.0001470818679081276, "_runtime": 270.34421944618225, "_step": 198, "Reward / Total reward (max)": 339.02691650390625, "Reward / Total reward (min)": 237.04177856445312, "Reward / Total reward (mean)": 302.2891845703125, "Episode / Total timesteps (max)": 699.0, "Episode / Total timesteps (min)": 691.0, "Episode / Total timesteps (mean)": 698.4788818359375}